drawSystemId,drawDate,gameType,n1,n2,n3,n4,n5,n6
7319,2026-02-26T21:00:00Z,Lotto,8,9,13,15,38,48
7318,2026-02-24T21:00:00Z,Lotto,9,13,17,25,31,41
7317,2026-02-21T21:00:00Z,Lotto,2,12,14,21,39,49
7316,2026-02-19T21:00:00Z,Lotto,2,5,13,14,15,39
7315,2026-02-17T21:00:00Z,Lotto,9,22,23,26,39,49
7314,2026-02-14T21:00:00Z,Lotto,1,19,26,32,38,41
7313,2026-02-12T21:00:00Z,Lotto,11,16,33,39,42,44
7312,2026-02-10T21:00:00Z,Lotto,5,12,13,16,23,24
7311,2026-02-07T21:00:00Z,Lotto,2,10,19,25,30,36
7310,2026-02-05T21:00:00Z,Lotto,3,7,8,9,24,42
7309,2026-02-03T21:00:00Z,Lotto,1,21,25,27,32,47
7308,2026-01-31T21:00:00Z,Lotto,6,8,14,22,34,40
7307,2026-01-29T21:00:00Z,Lotto,2,6,12,24,31,36
7306,2026-01-27T21:00:00Z,Lotto,5,8,11,31,42,48
7305,2026-01-24T21:00:00Z,Lotto,6,11,13,21,25,43
7304,2026-01-22T21:00:00Z,Lotto,1,5,15,25,44,49
7303,2026-01-20T21:00:00Z,Lotto,5,10,12,30,37,48
7302,2026-01-17T21:00:00Z,Lotto,1,3,6,12,13,14
7301,2026-01-15T21:00:00Z,Lotto,8,15,23,43,45,47
7300,2026-01-13T21:00:00Z,Lotto,7,13,21,29,31,36
7299,2026-01-10T21:00:00Z,Lotto,3,4,7,8,14,26
7298,2026-01-08T21:00:00Z,Lotto,9,12,21,25,44,48
7297,2026-01-06T21:00:00Z,Lotto,9,10,14,26,28,47
7296,2026-01-03T21:00:00Z,Lotto,7,10,21,22,42,45
7295,2026-01-01T21:00:00Z,Lotto,25,26,32,38,39,46
7294,2025-12-30T21:00:00Z,Lotto,1,6,15,26,29,30
7293,2025-12-27T21:00:00Z,Lotto,9,26,31,40,45,48
7292,2025-12-25T21:00:00Z,Lotto,14,19,20,45,48,49
7291,2025-12-23T21:00:00Z,Lotto,3,9,36,39,43,47
7290,2025-12-20T21:00:00Z,Lotto,4,6,11,16,24,41
7289,2025-12-18T21:00:00Z,Lotto,10,20,26,33,37,38
7288,2025-12-16T21:00:00Z,Lotto,17,25,26,27,32,37
7287,2025-12-13T21:00:00Z,Lotto,3,10,14,45,47,49
7286,2025-12-11T21:00:00Z,Lotto,1,5,11,38,42,46
7285,2025-12-09T21:00:00Z,Lotto,2,10,22,26,31,40
7284,2025-12-06T21:00:00Z,Lotto,4,14,25,27,43,44
7283,2025-12-04T21:00:00Z,Lotto,21,23,32,45,46,47
7282,2025-12-02T21:00:00Z,Lotto,3,9,29,30,32,47
7281,2025-11-29T21:00:00Z,Lotto,3,23,28,31,42,46
7280,2025-11-27T21:00:00Z,Lotto,27,33,38,43,45,47
7279,2025-11-25T21:00:00Z,Lotto,3,9,26,31,42,44
7278,2025-11-22T21:00:00Z,Lotto,8,22,31,43,45,49
7277,2025-11-20T21:00:00Z,Lotto,9,19,20,22,27,44
7276,2025-11-18T21:00:00Z,Lotto,7,13,22,30,38,39
7275,2025-11-15T21:00:00Z,Lotto,2,12,19,32,39,44
7274,2025-11-13T21:00:00Z,Lotto,1,18,31,37,42,43
7273,2025-11-11T21:00:00Z,Lotto,1,5,14,26,46,47
7272,2025-11-08T21:00:00Z,Lotto,7,10,20,30,35,39
7271,2025-11-06T21:00:00Z,Lotto,20,29,33,34,39,42
7270,2025-11-04T21:00:00Z,Lotto,4,23,34,37,45,46
7269,2025-11-01T21:00:00Z,Lotto,8,14,15,28,40,46
7268,2025-10-30T21:00:00Z,Lotto,3,10,15,30,31,49
7267,2025-10-28T21:00:00Z,Lotto,18,22,27,31,34,47
7266,2025-10-25T20:00:00Z,Lotto,11,20,21,27,39,46
7265,2025-10-23T20:00:00Z,Lotto,8,11,18,26,45,49
7264,2025-10-21T20:00:00Z,Lotto,11,15,19,27,28,45
7263,2025-10-18T20:00:00Z,Lotto,4,13,14,16,38,47
7262,2025-10-16T20:00:00Z,Lotto,6,7,17,30,39,49
7261,2025-10-14T20:00:00Z,Lotto,7,15,17,20,36,48
7260,2025-10-11T20:00:00Z,Lotto,10,32,34,36,43,45
7259,2025-10-09T20:00:00Z,Lotto,17,18,31,36,42,43
7258,2025-10-07T20:00:00Z,Lotto,3,7,21,27,32,45
7257,2025-10-04T20:00:00Z,Lotto,10,12,29,37,39,45
7256,2025-10-02T20:00:00Z,Lotto,2,5,14,36,40,44
7255,2025-09-30T20:00:00Z,Lotto,12,35,36,37,39,40
7254,2025-09-27T20:00:00Z,Lotto,6,12,17,20,32,46
7253,2025-09-25T20:00:00Z,Lotto,2,5,25,26,27,45
7252,2025-09-23T20:00:00Z,Lotto,6,11,20,24,32,33
7251,2025-09-20T20:00:00Z,Lotto,5,9,11,14,35,36
7250,2025-09-18T20:00:00Z,Lotto,6,15,20,24,34,43
7249,2025-09-16T20:00:00Z,Lotto,5,6,7,37,40,49
7248,2025-09-13T20:00:00Z,Lotto,3,13,14,18,25,27
7247,2025-09-11T20:00:00Z,Lotto,6,7,24,31,34,42
7246,2025-09-09T20:00:00Z,Lotto,1,19,23,31,34,44
7245,2025-09-06T20:00:00Z,Lotto,15,26,33,34,38,44
7244,2025-09-04T20:00:00Z,Lotto,2,15,27,30,37,47
7243,2025-09-02T20:00:00Z,Lotto,12,13,14,23,33,36
7242,2025-08-30T20:00:00Z,Lotto,14,30,32,36,40,46
7241,2025-08-28T20:00:00Z,Lotto,11,14,18,20,30,41
7240,2025-08-26T20:00:00Z,Lotto,10,18,22,32,36,45
7239,2025-08-23T20:00:00Z,Lotto,6,8,19,27,28,30
7238,2025-08-21T20:00:00Z,Lotto,7,12,24,30,32,46
7237,2025-08-19T20:00:00Z,Lotto,3,13,34,38,40,43
7236,2025-08-16T20:00:00Z,Lotto,17,21,22,44,45,46
7235,2025-08-14T20:00:00Z,Lotto,3,6,13,29,43,46
7234,2025-08-12T20:00:00Z,Lotto,3,10,12,17,23,25
7233,2025-08-09T20:00:00Z,Lotto,3,9,13,14,17,36
7232,2025-08-07T20:00:00Z,Lotto,5,9,30,31,43,49
7231,2025-08-05T20:00:00Z,Lotto,5,12,14,30,36,37
7230,2025-08-02T20:00:00Z,Lotto,2,18,20,30,39,47
7229,2025-07-31T20:00:00Z,Lotto,12,24,25,28,32,37
7228,2025-07-29T20:00:00Z,Lotto,10,32,34,36,37,39
7227,2025-07-26T20:00:00Z,Lotto,19,20,21,32,42,43
7226,2025-07-24T20:00:00Z,Lotto,24,25,33,35,38,43
7225,2025-07-22T20:00:00Z,Lotto,10,28,35,39,41,46
7224,2025-07-19T20:00:00Z,Lotto,7,11,15,28,32,33
7223,2025-07-17T20:00:00Z,Lotto,2,13,21,22,29,35
7222,2025-07-15T20:00:00Z,Lotto,17,20,23,25,28,49
7221,2025-07-12T20:00:00Z,Lotto,2,12,17,22,34,43
7220,2025-07-10T20:00:00Z,Lotto,6,11,14,28,46,48
7219,2025-07-08T20:00:00Z,Lotto,3,5,12,13,24,38
7218,2025-07-05T20:00:00Z,Lotto,13,15,28,34,37,41
7217,2025-07-03T20:00:00Z,Lotto,1,8,24,44,46,49
7216,2025-07-01T20:00:00Z,Lotto,11,21,23,37,44,49
7215,2025-06-28T20:00:00Z,Lotto,12,22,23,24,32,47
7214,2025-06-26T20:00:00Z,Lotto,5,19,21,36,39,41
7213,2025-06-24T20:00:00Z,Lotto,3,4,11,31,41,47
7212,2025-06-21T20:00:00Z,Lotto,12,24,30,33,43,46
7211,2025-06-19T20:00:00Z,Lotto,16,19,30,42,44,49
7210,2025-06-17T20:00:00Z,Lotto,24,28,30,35,43,45
7209,2025-06-14T20:00:00Z,Lotto,7,8,21,30,39,47
7208,2025-06-12T20:00:00Z,Lotto,6,13,17,26,34,42
7207,2025-06-10T20:00:00Z,Lotto,16,19,28,34,39,42
7206,2025-06-07T20:00:00Z,Lotto,23,34,35,42,44,49
7205,2025-06-05T20:00:00Z,Lotto,1,17,21,22,26,31
7204,2025-06-03T20:00:00Z,Lotto,10,11,12,22,25,36
7203,2025-05-31T20:00:00Z,Lotto,18,21,22,41,42,45
7202,2025-05-29T20:00:00Z,Lotto,5,11,33,38,44,46
7201,2025-05-27T20:00:00Z,Lotto,7,10,17,24,33,35
7200,2025-05-24T20:00:00Z,Lotto,4,5,11,19,30,43
7199,2025-05-22T20:00:00Z,Lotto,18,32,39,42,44,45
7198,2025-05-20T20:00:00Z,Lotto,15,20,25,28,45,49
7197,2025-05-17T20:00:00Z,Lotto,2,5,25,30,32,49
7196,2025-05-15T20:00:00Z,Lotto,7,8,17,35,36,46
7195,2025-05-13T20:00:00Z,Lotto,8,16,18,29,33,40
7194,2025-05-10T20:00:00Z,Lotto,5,6,9,22,36,37
7193,2025-05-08T20:00:00Z,Lotto,5,8,9,25,35,38
7192,2025-05-06T20:00:00Z,Lotto,9,20,31,38,42,48
7191,2025-05-03T20:00:00Z,Lotto,1,2,6,10,28,37
7190,2025-05-01T20:00:00Z,Lotto,8,22,27,39,46,49
7189,2025-04-29T20:00:00Z,Lotto,4,20,24,31,32,48
7188,2025-04-26T20:00:00Z,Lotto,10,11,13,20,27,49
7187,2025-04-24T20:00:00Z,Lotto,2,5,14,37,42,43
7186,2025-04-22T20:00:00Z,Lotto,1,19,28,31,33,38
7185,2025-04-19T20:00:00Z,Lotto,3,4,7,36,37,38
7184,2025-04-17T20:00:00Z,Lotto,2,10,15,28,33,49
7183,2025-04-15T20:00:00Z,Lotto,5,15,19,21,25,26
7182,2025-04-12T20:00:00Z,Lotto,6,11,19,27,31,49
7181,2025-04-10T20:00:00Z,Lotto,1,22,23,24,42,44
7180,2025-04-08T20:00:00Z,Lotto,16,23,27,35,38,44
7179,2025-04-05T20:00:00Z,Lotto,7,21,25,29,37,39
7178,2025-04-03T20:00:00Z,Lotto,4,5,8,10,23,44
7177,2025-04-01T20:00:00Z,Lotto,6,15,20,21,27,40
7176,2025-03-29T21:00:00Z,Lotto,15,25,29,37,39,41
7175,2025-03-27T21:00:00Z,Lotto,16,17,20,31,35,45
7174,2025-03-25T21:00:00Z,Lotto,3,5,15,20,26,36
7173,2025-03-22T21:00:00Z,Lotto,17,19,35,39,46,48
7172,2025-03-20T21:00:00Z,Lotto,18,22,23,32,36,39
7171,2025-03-18T21:00:00Z,Lotto,24,25,30,39,44,46
7170,2025-03-15T21:00:00Z,Lotto,6,11,18,20,28,34
7169,2025-03-13T21:00:00Z,Lotto,1,14,20,40,41,43
7168,2025-03-11T21:00:00Z,Lotto,2,9,10,16,27,49
7167,2025-03-08T21:00:00Z,Lotto,14,20,21,23,26,49
7166,2025-03-06T21:00:00Z,Lotto,3,10,11,13,18,33
7165,2025-03-04T21:00:00Z,Lotto,9,18,24,30,31,48
7164,2025-03-01T21:00:00Z,Lotto,3,7,10,29,40,46
7163,2025-02-27T21:00:00Z,Lotto,1,6,7,29,37,38
7162,2025-02-25T21:00:00Z,Lotto,1,3,10,15,17,44
7161,2025-02-22T21:00:00Z,Lotto,2,5,6,18,36,39
7160,2025-02-20T21:00:00Z,Lotto,4,7,19,20,38,46
7159,2025-02-18T21:00:00Z,Lotto,3,5,6,8,15,42
7158,2025-02-15T21:00:00Z,Lotto,20,22,26,32,44,45
7157,2025-02-13T21:00:00Z,Lotto,21,30,35,36,37,38
7156,2025-02-11T21:00:00Z,Lotto,3,17,18,20,29,30
7155,2025-02-08T21:00:00Z,Lotto,7,10,23,24,48,49
7154,2025-02-06T21:00:00Z,Lotto,8,10,11,17,36,46
7153,2025-02-04T21:00:00Z,Lotto,17,19,22,25,31,38
7152,2025-02-01T21:00:00Z,Lotto,2,3,6,17,20,30
7151,2025-01-30T21:00:00Z,Lotto,4,16,21,30,43,49
7150,2025-01-28T21:00:00Z,Lotto,7,8,23,29,31,43
7149,2025-01-25T21:00:00Z,Lotto,28,30,32,36,40,48
7148,2025-01-23T21:00:00Z,Lotto,9,12,28,40,42,45
7147,2025-01-21T21:00:00Z,Lotto,5,12,32,34,36,39
7146,2025-01-18T21:00:00Z,Lotto,20,30,32,34,43,48
7145,2025-01-16T21:00:00Z,Lotto,26,28,30,40,44,49
7144,2025-01-14T21:00:00Z,Lotto,6,10,26,34,40,43
7143,2025-01-11T21:00:00Z,Lotto,7,11,17,18,30,36
7142,2025-01-09T21:00:00Z,Lotto,1,11,19,26,42,44
7141,2025-01-07T21:00:00Z,Lotto,10,11,18,25,41,46
7140,2025-01-04T21:00:00Z,Lotto,11,19,24,31,34,45
7139,2025-01-02T21:00:00Z,Lotto,2,12,17,24,42,43
7138,2024-12-31T21:00:00Z,Lotto,4,12,30,38,46,48
7137,2024-12-28T21:00:00Z,Lotto,8,10,15,31,39,48
7136,2024-12-26T21:00:00Z,Lotto,3,9,22,33,42,43
7135,2024-12-24T21:00:00Z,Lotto,2,4,8,27,31,48
7134,2024-12-21T21:00:00Z,Lotto,7,13,15,17,22,41
7133,2024-12-19T21:00:00Z,Lotto,13,20,21,28,30,35
7132,2024-12-17T21:00:00Z,Lotto,26,28,35,38,40,49
7131,2024-12-14T21:00:00Z,Lotto,12,15,19,36,47,49
7130,2024-12-12T21:00:00Z,Lotto,3,17,20,42,43,46
7129,2024-12-10T21:00:00Z,Lotto,2,23,31,34,36,39
7128,2024-12-07T21:00:00Z,Lotto,6,8,17,22,40,41
7127,2024-12-05T21:00:00Z,Lotto,2,15,19,25,29,34
7126,2024-12-03T21:00:00Z,Lotto,9,11,14,28,36,48
7125,2024-11-30T21:00:00Z,Lotto,9,13,20,38,41,49
7124,2024-11-28T21:00:00Z,Lotto,3,10,11,13,24,40
7123,2024-11-26T21:00:00Z,Lotto,4,6,10,24,26,44
7122,2024-11-23T21:00:00Z,Lotto,10,16,27,32,45,49
7121,2024-11-21T21:00:00Z,Lotto,8,14,20,24,26,40
7120,2024-11-19T21:00:00Z,Lotto,2,12,19,24,35,38
7119,2024-11-16T21:00:00Z,Lotto,1,7,26,36,37,40
7118,2024-11-14T21:00:00Z,Lotto,1,20,35,36,44,47
7117,2024-11-12T21:00:00Z,Lotto,6,12,14,20,21,38
7116,2024-11-09T21:00:00Z,Lotto,2,12,15,16,35,40
7115,2024-11-07T21:00:00Z,Lotto,1,11,21,22,31,41
7114,2024-11-05T21:00:00Z,Lotto,5,6,15,16,41,48
7113,2024-11-02T21:00:00Z,Lotto,5,13,16,37,40,43
7112,2024-10-31T21:00:00Z,Lotto,8,10,18,25,41,48
7111,2024-10-29T21:00:00Z,Lotto,5,14,19,30,35,39
7110,2024-10-26T20:00:00Z,Lotto,13,18,32,34,36,39
7109,2024-10-24T20:00:00Z,Lotto,5,17,20,24,42,44
7108,2024-10-22T20:00:00Z,Lotto,12,17,20,22,24,44
7107,2024-10-19T20:00:00Z,Lotto,9,10,39,42,44,45
7106,2024-10-17T20:00:00Z,Lotto,7,22,38,40,45,48
7105,2024-10-15T20:00:00Z,Lotto,6,9,12,26,45,46
7104,2024-10-12T20:00:00Z,Lotto,5,10,13,20,21,28
7103,2024-10-10T20:00:00Z,Lotto,2,6,17,36,38,41
7102,2024-10-08T20:00:00Z,Lotto,1,14,18,24,35,45
7101,2024-10-05T20:00:00Z,Lotto,3,15,17,22,29,48
7100,2024-10-03T20:00:00Z,Lotto,13,14,23,36,43,48
7099,2024-10-01T20:00:00Z,Lotto,3,6,20,39,44,45
7098,2024-09-28T20:00:00Z,Lotto,8,12,23,25,26,47
7097,2024-09-26T20:00:00Z,Lotto,1,2,19,29,33,41
7096,2024-09-24T20:00:00Z,Lotto,1,2,14,26,30,49
7095,2024-09-21T20:00:00Z,Lotto,4,5,12,24,36,39
7094,2024-09-19T20:00:00Z,Lotto,2,6,10,18,21,22
7093,2024-09-17T20:00:00Z,Lotto,4,5,6,12,16,45
7092,2024-09-14T20:00:00Z,Lotto,5,11,20,29,35,44
7091,2024-09-12T20:00:00Z,Lotto,16,23,27,32,33,37
7090,2024-09-10T20:00:00Z,Lotto,2,10,17,26,32,37
7089,2024-09-07T20:00:00Z,Lotto,8,21,23,30,31,43
7088,2024-09-05T20:00:00Z,Lotto,2,4,21,32,40,49
7087,2024-09-03T20:00:00Z,Lotto,3,11,19,21,27,44
7086,2024-08-31T20:00:00Z,Lotto,12,14,18,30,34,38
7085,2024-08-29T20:00:00Z,Lotto,2,13,17,23,32,41
7084,2024-08-27T20:00:00Z,Lotto,3,15,27,34,45,46
7083,2024-08-24T20:00:00Z,Lotto,1,6,12,36,37,49
7082,2024-08-22T20:00:00Z,Lotto,2,3,8,12,17,21
7081,2024-08-20T20:00:00Z,Lotto,2,17,26,27,32,40
7080,2024-08-17T20:00:00Z,Lotto,13,16,22,30,38,44
7079,2024-08-15T20:00:00Z,Lotto,9,17,21,33,35,37
7078,2024-08-13T20:00:00Z,Lotto,1,13,35,36,41,47
7077,2024-08-10T20:00:00Z,Lotto,1,17,32,39,42,43
7076,2024-08-08T20:00:00Z,Lotto,21,26,36,39,45,49
7075,2024-08-06T20:00:00Z,Lotto,3,6,18,25,29,41
7074,2024-08-03T20:00:00Z,Lotto,5,7,13,25,29,48
7073,2024-08-01T20:00:00Z,Lotto,2,6,13,18,20,47
7072,2024-07-30T20:00:00Z,Lotto,16,21,31,32,36,45
7071,2024-07-27T20:00:00Z,Lotto,1,2,9,13,18,28
7070,2024-07-25T20:00:00Z,Lotto,8,11,19,21,28,35
7069,2024-07-23T20:00:00Z,Lotto,11,18,19,27,30,39
7068,2024-07-20T20:00:00Z,Lotto,5,7,20,23,28,42
7067,2024-07-18T20:00:00Z,Lotto,14,16,18,23,34,40
7066,2024-07-16T20:00:00Z,Lotto,7,13,17,20,35,43
7065,2024-07-13T20:00:00Z,Lotto,1,4,5,26,40,46
7064,2024-07-11T20:00:00Z,Lotto,4,16,17,19,33,41
7063,2024-07-09T20:00:00Z,Lotto,10,11,23,27,32,36
7062,2024-07-06T20:00:00Z,Lotto,2,12,31,39,41,43
7061,2024-07-04T20:00:00Z,Lotto,8,12,14,16,21,49
7060,2024-07-02T20:00:00Z,Lotto,4,12,20,23,24,49
7059,2024-06-29T20:00:00Z,Lotto,8,13,22,34,40,47
7058,2024-06-27T20:00:00Z,Lotto,1,3,20,22,26,27
7057,2024-06-25T20:00:00Z,Lotto,7,9,21,23,34,38
7056,2024-06-22T20:00:00Z,Lotto,13,30,33,42,47,48
7055,2024-06-20T20:00:00Z,Lotto,4,12,13,14,22,32
7054,2024-06-18T20:00:00Z,Lotto,6,7,8,12,17,21
7053,2024-06-15T20:00:00Z,Lotto,2,18,20,21,47,49
7052,2024-06-13T20:00:00Z,Lotto,3,11,14,17,30,48
7051,2024-06-11T20:00:00Z,Lotto,1,10,40,46,48,49
7050,2024-06-08T20:00:00Z,Lotto,17,21,28,32,41,43
7049,2024-06-06T20:00:00Z,Lotto,2,7,18,34,42,43
7048,2024-06-04T20:00:00Z,Lotto,1,21,24,31,34,40
7047,2024-06-01T20:00:00Z,Lotto,2,6,20,37,38,48
7046,2024-05-30T20:00:00Z,Lotto,8,13,23,27,38,44
7045,2024-05-28T20:00:00Z,Lotto,11,29,34,35,38,45
7044,2024-05-25T20:00:00Z,Lotto,28,33,39,42,47,49
7043,2024-05-23T20:00:00Z,Lotto,8,13,17,23,24,28
7042,2024-05-21T20:00:00Z,Lotto,5,20,30,31,35,43
7041,2024-05-18T20:00:00Z,Lotto,7,18,32,33,39,44
7040,2024-05-16T20:00:00Z,Lotto,10,11,17,25,32,47
7039,2024-05-14T20:00:00Z,Lotto,4,7,9,32,33,46
7038,2024-05-11T20:00:00Z,Lotto,9,11,16,33,38,43
7037,2024-05-09T20:00:00Z,Lotto,7,25,30,31,42,46
7036,2024-05-07T20:00:00Z,Lotto,2,11,18,33,37,46
7035,2024-05-04T20:00:00Z,Lotto,18,40,42,43,45,49
7034,2024-05-02T20:00:00Z,Lotto,1,2,12,15,38,44
7033,2024-04-30T20:00:00Z,Lotto,6,21,27,29,40,48
7032,2024-04-27T20:00:00Z,Lotto,12,18,22,23,28,33
7031,2024-04-25T20:00:00Z,Lotto,27,30,35,42,47,48
7030,2024-04-23T20:00:00Z,Lotto,15,24,34,37,39,49
7029,2024-04-20T20:00:00Z,Lotto,2,4,27,29,43,47
7028,2024-04-18T20:00:00Z,Lotto,2,3,10,36,38,42
7027,2024-04-16T20:00:00Z,Lotto,2,6,25,26,30,42
7026,2024-04-13T20:00:00Z,Lotto,7,11,13,16,25,49
7025,2024-04-11T20:00:00Z,Lotto,2,5,7,18,23,32
7024,2024-04-09T20:00:00Z,Lotto,2,6,25,29,31,44
7023,2024-04-06T20:00:00Z,Lotto,19,29,39,45,47,49
7022,2024-04-04T20:00:00Z,Lotto,2,6,13,27,35,44
7021,2024-04-02T20:00:00Z,Lotto,10,11,12,15,34,49
7020,2024-03-30T21:00:00Z,Lotto,2,6,15,38,43,49
7019,2024-03-28T21:00:00Z,Lotto,3,5,27,30,38,43
7018,2024-03-26T21:00:00Z,Lotto,17,19,23,24,26,32
7017,2024-03-23T21:00:00Z,Lotto,2,9,12,17,26,30
7016,2024-03-21T21:00:00Z,Lotto,13,14,24,26,29,49
7015,2024-03-19T21:00:00Z,Lotto,4,12,31,39,41,48
7014,2024-03-16T21:00:00Z,Lotto,10,21,23,24,28,49
7013,2024-03-14T21:00:00Z,Lotto,2,5,16,42,43,45
7012,2024-03-12T21:00:00Z,Lotto,12,17,25,28,42,47
7011,2024-03-09T21:00:00Z,Lotto,4,7,28,29,46,48
7010,2024-03-07T21:00:00Z,Lotto,13,16,26,30,46,49
7009,2024-03-05T21:00:00Z,Lotto,4,7,9,22,36,49
7008,2024-03-02T21:00:00Z,Lotto,2,13,16,22,36,37
7007,2024-02-29T21:00:00Z,Lotto,12,15,17,34,39,46
7006,2024-02-27T21:00:00Z,Lotto,4,11,12,34,37,41
7005,2024-02-24T21:00:00Z,Lotto,4,10,13,21,22,49
7004,2024-02-22T21:00:00Z,Lotto,1,16,18,21,46,47
7003,2024-02-20T21:00:00Z,Lotto,7,10,14,27,41,45
7002,2024-02-17T21:00:00Z,Lotto,6,7,11,19,20,47
7001,2024-02-15T21:00:00Z,Lotto,1,7,9,17,19,49
7000,2024-02-13T21:00:00Z,Lotto,1,8,36,37,42,48
6999,2024-02-10T21:00:00Z,Lotto,11,18,20,26,37,47
6998,2024-02-08T21:00:00Z,Lotto,11,14,15,20,39,46
6997,2024-02-06T21:00:00Z,Lotto,4,18,34,40,44,45
6996,2024-02-03T21:00:00Z,Lotto,2,6,12,18,38,40
6995,2024-02-01T21:00:00Z,Lotto,22,32,36,41,43,48
6994,2024-01-30T21:00:00Z,Lotto,6,7,32,40,43,49
6993,2024-01-27T21:00:00Z,Lotto,5,10,17,41,44,48
6992,2024-01-25T21:00:00Z,Lotto,1,2,13,30,37,47
6991,2024-01-23T21:00:00Z,Lotto,12,15,21,23,26,41
6990,2024-01-20T21:00:00Z,Lotto,9,22,29,38,43,44
6989,2024-01-18T21:00:00Z,Lotto,3,18,19,20,27,28
6988,2024-01-16T21:00:00Z,Lotto,2,5,14,22,23,29
6987,2024-01-13T21:00:00Z,Lotto,7,24,29,36,44,46
6986,2024-01-11T21:00:00Z,Lotto,2,13,17,26,34,38
6985,2024-01-09T21:00:00Z,Lotto,4,19,20,23,28,48
6984,2024-01-06T21:00:00Z,Lotto,2,5,8,9,30,42
6983,2024-01-04T21:00:00Z,Lotto,10,25,26,28,44,46
6982,2024-01-02T21:00:00Z,Lotto,15,18,28,30,37,49
6981,2023-12-30T21:00:00Z,Lotto,8,21,24,32,37,44
6980,2023-12-28T21:00:00Z,Lotto,5,27,29,33,40,44
6979,2023-12-26T21:00:00Z,Lotto,2,13,17,36,45,49
6978,2023-12-23T21:00:00Z,Lotto,4,11,15,21,36,41
6977,2023-12-21T21:00:00Z,Lotto,5,10,14,19,29,30
6976,2023-12-19T21:00:00Z,Lotto,12,16,28,31,35,47
6975,2023-12-16T21:00:00Z,Lotto,6,7,22,28,29,46
6974,2023-12-14T21:00:00Z,Lotto,4,15,21,24,37,48
6973,2023-12-12T21:00:00Z,Lotto,13,15,21,24,38,45
6972,2023-12-09T21:00:00Z,Lotto,14,21,35,37,45,49
6971,2023-12-07T21:00:00Z,Lotto,4,14,15,23,28,44
6970,2023-12-05T21:00:00Z,Lotto,4,14,25,28,37,44
6969,2023-12-02T21:00:00Z,Lotto,1,3,4,19,23,40
6968,2023-11-30T21:00:00Z,Lotto,15,16,20,21,24,37
6967,2023-11-28T21:00:00Z,Lotto,12,21,26,40,44,47
6966,2023-11-25T21:00:00Z,Lotto,9,15,25,28,38,44
6965,2023-11-23T21:00:00Z,Lotto,3,4,14,28,31,42
6964,2023-11-21T21:00:00Z,Lotto,2,17,32,39,47,49
6963,2023-11-18T21:00:00Z,Lotto,14,20,26,34,38,46
6962,2023-11-16T21:00:00Z,Lotto,4,16,24,29,30,32
6961,2023-11-14T21:00:00Z,Lotto,4,10,13,36,43,47
6960,2023-11-11T21:00:00Z,Lotto,10,14,22,27,30,32
6959,2023-11-09T21:00:00Z,Lotto,4,7,24,35,36,47
6958,2023-11-07T21:00:00Z,Lotto,5,8,22,23,37,44
6957,2023-11-04T21:00:00Z,Lotto,2,9,17,29,36,48
6956,2023-11-02T21:00:00Z,Lotto,5,7,15,17,31,49
6955,2023-10-31T21:00:00Z,Lotto,26,28,33,41,43,47
6954,2023-10-28T20:00:00Z,Lotto,7,8,24,30,38,47
6953,2023-10-26T20:00:00Z,Lotto,4,5,18,25,31,38
6952,2023-10-24T20:00:00Z,Lotto,3,19,27,28,36,43
6951,2023-10-21T20:00:00Z,Lotto,5,13,17,36,39,47
6950,2023-10-19T20:00:00Z,Lotto,6,30,38,46,48,49
6949,2023-10-17T20:00:00Z,Lotto,5,15,33,39,40,42
6948,2023-10-14T20:00:00Z,Lotto,9,19,37,41,46,47
6947,2023-10-12T20:00:00Z,Lotto,9,16,17,18,27,41
6946,2023-10-10T20:00:00Z,Lotto,2,10,17,22,28,42
6945,2023-10-07T20:00:00Z,Lotto,13,17,31,37,44,49
6944,2023-10-05T20:00:00Z,Lotto,17,18,31,36,43,49
6943,2023-10-03T20:00:00Z,Lotto,1,8,9,12,37,49
6942,2023-09-30T20:00:00Z,Lotto,25,27,28,32,33,48
6941,2023-09-28T20:00:00Z,Lotto,1,5,9,23,34,44
6940,2023-09-26T20:00:00Z,Lotto,5,7,20,29,33,46
6939,2023-09-23T20:00:00Z,Lotto,7,9,21,32,39,46
6938,2023-09-21T20:00:00Z,Lotto,13,14,33,36,37,49
6937,2023-09-19T20:00:00Z,Lotto,2,6,12,33,36,47
6936,2023-09-16T20:00:00Z,Lotto,14,31,33,34,41,42
6935,2023-09-14T20:00:00Z,Lotto,7,11,20,25,30,46
6934,2023-09-12T20:00:00Z,Lotto,8,25,41,43,46,48
6933,2023-09-09T20:00:00Z,Lotto,4,17,20,35,36,38
6932,2023-09-07T20:00:00Z,Lotto,17,30,31,32,36,39
6931,2023-09-05T20:00:00Z,Lotto,2,7,9,24,27,30
6930,2023-09-02T20:00:00Z,Lotto,1,5,11,26,36,44
6929,2023-08-31T20:00:00Z,Lotto,2,6,7,23,27,47
6928,2023-08-29T20:00:00Z,Lotto,5,16,19,21,22,32
6927,2023-08-26T20:00:00Z,Lotto,20,22,25,26,30,47
6926,2023-08-24T20:00:00Z,Lotto,2,16,36,39,44,49
6925,2023-08-22T20:00:00Z,Lotto,8,16,23,31,38,42
6924,2023-08-19T20:00:00Z,Lotto,4,5,9,11,16,40
6923,2023-08-17T20:00:00Z,Lotto,4,11,15,25,36,49
6922,2023-08-15T20:00:00Z,Lotto,12,19,22,32,36,47
6921,2023-08-12T20:00:00Z,Lotto,5,10,19,28,33,39
6920,2023-08-10T20:00:00Z,Lotto,5,9,12,17,23,44
6919,2023-08-08T20:00:00Z,Lotto,26,32,33,35,43,46
6918,2023-08-05T20:00:00Z,Lotto,9,13,16,17,26,27
6917,2023-08-03T20:00:00Z,Lotto,5,6,8,39,42,48
6916,2023-08-01T20:00:00Z,Lotto,4,23,40,41,42,48
6915,2023-07-29T20:00:00Z,Lotto,1,11,12,20,40,45
6914,2023-07-27T20:00:00Z,Lotto,1,5,7,21,22,37
6913,2023-07-25T20:00:00Z,Lotto,14,28,32,39,48,49
6912,2023-07-22T20:00:00Z,Lotto,5,9,17,21,22,25
6911,2023-07-20T20:00:00Z,Lotto,1,12,18,34,39,49
6910,2023-07-18T20:00:00Z,Lotto,17,18,19,23,38,41
6909,2023-07-15T20:00:00Z,Lotto,5,9,12,36,38,48
6908,2023-07-13T20:00:00Z,Lotto,22,32,33,34,38,44
6907,2023-07-11T20:00:00Z,Lotto,9,17,34,42,44,45
6906,2023-07-08T20:00:00Z,Lotto,5,8,15,20,24,47
6905,2023-07-06T20:00:00Z,Lotto,17,23,40,41,43,45
6904,2023-07-04T20:00:00Z,Lotto,8,19,27,28,40,43
6903,2023-07-01T20:00:00Z,Lotto,5,8,18,39,40,43
6902,2023-06-29T20:00:00Z,Lotto,2,13,21,26,31,35
6901,2023-06-27T20:00:00Z,Lotto,1,16,17,19,38,48
6900,2023-06-24T20:00:00Z,Lotto,7,11,12,25,37,48
6899,2023-06-22T20:00:00Z,Lotto,9,17,35,41,45,47
6898,2023-06-20T20:00:00Z,Lotto,11,12,16,31,37,39
6897,2023-06-17T20:00:00Z,Lotto,2,5,19,20,27,49
6896,2023-06-15T20:00:00Z,Lotto,7,16,23,24,38,47
6895,2023-06-13T20:00:00Z,Lotto,9,21,37,38,40,47
6894,2023-06-10T20:00:00Z,Lotto,6,29,31,40,43,48
6893,2023-06-08T20:00:00Z,Lotto,6,13,21,36,45,47
6892,2023-06-06T20:00:00Z,Lotto,4,6,18,30,47,48
6891,2023-06-03T20:00:00Z,Lotto,2,15,17,31,34,35
6890,2023-06-01T20:00:00Z,Lotto,5,6,17,23,29,49
6889,2023-05-30T20:00:00Z,Lotto,8,19,32,37,44,47
6888,2023-05-27T20:00:00Z,Lotto,24,31,33,34,44,49
6887,2023-05-25T20:00:00Z,Lotto,2,7,11,15,41,46
6886,2023-05-23T20:00:00Z,Lotto,1,6,11,12,28,35
6885,2023-05-20T20:00:00Z,Lotto,7,8,12,16,40,48
6884,2023-05-18T20:00:00Z,Lotto,5,7,20,29,45,48
6883,2023-05-16T20:00:00Z,Lotto,4,16,18,33,34,46
6882,2023-05-13T20:00:00Z,Lotto,2,7,8,32,41,45
6881,2023-05-11T20:00:00Z,Lotto,2,3,9,27,38,46
6880,2023-05-09T20:00:00Z,Lotto,8,16,27,28,38,49
6879,2023-05-06T20:00:00Z,Lotto,1,16,27,31,38,42
6878,2023-05-04T20:00:00Z,Lotto,9,11,14,15,33,49
6877,2023-05-02T20:00:00Z,Lotto,2,4,26,27,36,45
6876,2023-04-29T20:00:00Z,Lotto,7,13,17,29,30,39
6875,2023-04-27T20:00:00Z,Lotto,5,32,33,37,47,49
6874,2023-04-25T20:00:00Z,Lotto,2,5,6,11,39,44
6873,2023-04-22T20:00:00Z,Lotto,5,7,10,25,41,44
6872,2023-04-20T20:00:00Z,Lotto,10,17,26,28,31,47
6871,2023-04-18T20:00:00Z,Lotto,12,20,23,27,34,35
6870,2023-04-15T20:00:00Z,Lotto,5,6,14,36,40,48
6869,2023-04-13T20:00:00Z,Lotto,7,9,10,40,41,45
6868,2023-04-11T20:00:00Z,Lotto,1,7,11,30,33,46
6867,2023-04-08T20:00:00Z,Lotto,3,14,30,38,45,47
6866,2023-04-06T20:00:00Z,Lotto,1,4,11,29,34,44
6865,2023-04-04T20:00:00Z,Lotto,15,17,26,31,35,46
6864,2023-04-01T20:00:00Z,Lotto,4,9,21,29,43,46
6863,2023-03-30T20:00:00Z,Lotto,10,19,43,44,45,49
6862,2023-03-28T20:00:00Z,Lotto,3,10,13,15,23,34
6861,2023-03-25T21:00:00Z,Lotto,3,12,19,31,40,43
6860,2023-03-23T21:00:00Z,Lotto,13,28,34,43,44,45
6859,2023-03-21T21:00:00Z,Lotto,1,7,19,21,25,36
6858,2023-03-18T21:00:00Z,Lotto,3,9,20,36,42,49
6857,2023-03-16T21:00:00Z,Lotto,3,8,39,40,41,43
6856,2023-03-14T21:00:00Z,Lotto,8,12,15,21,36,42
6855,2023-03-11T21:00:00Z,Lotto,1,16,20,21,40,44
6854,2023-03-09T21:00:00Z,Lotto,5,27,30,33,35,39
6853,2023-03-07T21:00:00Z,Lotto,18,20,36,37,44,46
6852,2023-03-04T21:00:00Z,Lotto,10,11,21,32,34,48
6851,2023-03-02T21:00:00Z,Lotto,1,4,10,28,30,49
6850,2023-02-28T21:00:00Z,Lotto,2,36,41,42,45,46
6849,2023-02-25T21:00:00Z,Lotto,7,10,35,38,41,45
6848,2023-02-23T21:00:00Z,Lotto,10,13,22,26,43,48
6847,2023-02-21T21:00:00Z,Lotto,1,12,17,23,25,38
6846,2023-02-18T21:00:00Z,Lotto,1,27,30,32,42,48
6845,2023-02-16T21:00:00Z,Lotto,13,15,20,26,28,36
6844,2023-02-14T21:00:00Z,Lotto,14,24,26,33,34,48
6843,2023-02-11T21:00:00Z,Lotto,6,14,16,24,28,44
6842,2023-02-09T21:00:00Z,Lotto,1,13,26,40,45,49
6841,2023-02-07T21:00:00Z,Lotto,10,13,14,23,40,44
6840,2023-02-04T21:00:00Z,Lotto,14,20,22,26,47,48
6839,2023-02-02T21:00:00Z,Lotto,18,29,31,35,40,46
6838,2023-01-31T21:00:00Z,Lotto,5,8,19,28,41,46
6837,2023-01-28T21:00:00Z,Lotto,4,24,34,39,40,44
6836,2023-01-26T21:00:00Z,Lotto,7,15,26,28,33,35
6835,2023-01-24T21:00:00Z,Lotto,3,6,8,10,13,33
6834,2023-01-21T21:00:00Z,Lotto,14,26,37,41,43,47
6833,2023-01-19T21:00:00Z,Lotto,1,2,18,22,41,48
6832,2023-01-17T21:00:00Z,Lotto,8,11,18,22,38,49
6831,2023-01-14T21:00:00Z,Lotto,14,23,34,39,44,45
6830,2023-01-12T21:00:00Z,Lotto,25,31,32,33,44,45
6829,2023-01-10T21:00:00Z,Lotto,3,10,11,30,40,48
6828,2023-01-07T21:00:00Z,Lotto,3,9,12,21,29,43
6827,2023-01-05T21:00:00Z,Lotto,7,21,31,43,45,49
6826,2023-01-03T21:00:00Z,Lotto,8,11,14,37,38,48
6825,2022-12-31T21:00:00Z,Lotto,16,19,29,36,46,47
6824,2022-12-29T21:00:00Z,Lotto,4,15,23,27,30,41
6823,2022-12-27T21:00:00Z,Lotto,2,9,11,17,28,41
6822,2022-12-24T21:00:00Z,Lotto,8,16,24,27,41,44
6821,2022-12-22T21:00:00Z,Lotto,2,3,5,35,38,46
6820,2022-12-20T21:00:00Z,Lotto,1,2,5,6,10,19
6819,2022-12-17T21:00:00Z,Lotto,11,12,15,25,32,43
6818,2022-12-15T21:00:00Z,Lotto,1,4,13,18,34,47
6817,2022-12-13T21:00:00Z,Lotto,14,30,36,37,39,47
6816,2022-12-10T21:00:00Z,Lotto,11,13,20,23,38,39
6815,2022-12-08T21:00:00Z,Lotto,16,19,25,38,43,45
6814,2022-12-06T21:00:00Z,Lotto,1,13,16,20,36,48
6813,2022-12-03T21:00:00Z,Lotto,4,20,25,26,40,49
6812,2022-12-01T21:00:00Z,Lotto,4,9,15,35,42,44
6811,2022-11-29T21:00:00Z,Lotto,2,15,19,32,44,45
6810,2022-11-26T21:00:00Z,Lotto,2,21,25,36,37,39
6809,2022-11-24T21:00:00Z,Lotto,3,4,15,25,29,39
6808,2022-11-22T21:00:00Z,Lotto,16,18,30,32,36,38
6807,2022-11-19T21:00:00Z,Lotto,3,10,21,26,31,40
6806,2022-11-17T21:00:00Z,Lotto,4,25,27,29,30,32
6805,2022-11-15T21:00:00Z,Lotto,1,3,6,26,46,48
6804,2022-11-12T21:00:00Z,Lotto,5,9,22,39,45,47
6803,2022-11-10T21:00:00Z,Lotto,6,11,16,31,33,45
6802,2022-11-08T21:00:00Z,Lotto,6,18,21,28,36,48
6801,2022-11-05T21:00:00Z,Lotto,3,12,13,16,24,49
6800,2022-11-03T21:00:00Z,Lotto,4,9,15,32,34,40
6799,2022-11-01T21:00:00Z,Lotto,5,7,9,20,29,32
6798,2022-10-29T20:00:00Z,Lotto,17,20,24,28,30,35
6797,2022-10-27T20:00:00Z,Lotto,2,5,18,29,39,46
6796,2022-10-25T20:00:00Z,Lotto,9,19,34,38,42,48
6795,2022-10-22T20:00:00Z,Lotto,10,14,25,31,38,40
6794,2022-10-20T20:00:00Z,Lotto,2,19,23,33,42,47
6793,2022-10-18T20:00:00Z,Lotto,2,8,18,27,40,45
6792,2022-10-15T20:00:00Z,Lotto,2,5,6,13,32,39
6791,2022-10-13T20:00:00Z,Lotto,19,30,34,40,42,47
6790,2022-10-11T20:00:00Z,Lotto,1,2,16,17,36,48
6789,2022-10-08T20:00:00Z,Lotto,7,20,23,25,29,43
6788,2022-10-06T20:00:00Z,Lotto,5,21,24,26,42,44
6787,2022-10-04T20:00:00Z,Lotto,2,6,7,24,37,38
6786,2022-10-01T20:00:00Z,Lotto,12,17,22,25,30,47
6785,2022-09-29T20:00:00Z,Lotto,5,19,22,28,43,47
6784,2022-09-27T20:00:00Z,Lotto,5,7,21,24,27,37
6783,2022-09-24T20:00:00Z,Lotto,4,26,30,33,39,46
6782,2022-09-22T20:00:00Z,Lotto,6,11,15,26,34,45
6781,2022-09-20T20:00:00Z,Lotto,11,16,18,23,27,42
6780,2022-09-17T20:00:00Z,Lotto,11,20,24,38,41,46
6779,2022-09-15T20:00:00Z,Lotto,2,12,14,30,46,48
6778,2022-09-13T20:00:00Z,Lotto,2,13,19,33,37,48
6777,2022-09-10T20:00:00Z,Lotto,6,7,13,17,21,27
6776,2022-09-08T20:00:00Z,Lotto,8,22,26,36,40,47
6775,2022-09-06T20:00:00Z,Lotto,4,5,17,22,26,38
6774,2022-09-03T20:00:00Z,Lotto,2,28,35,46,47,48
6773,2022-09-01T20:00:00Z,Lotto,7,10,12,17,33,43
6772,2022-08-30T20:00:00Z,Lotto,12,17,21,26,28,49
6771,2022-08-27T20:00:00Z,Lotto,2,3,7,9,24,29
6770,2022-08-25T20:00:00Z,Lotto,2,6,12,15,36,37
6769,2022-08-23T20:00:00Z,Lotto,5,12,20,28,48,49
6768,2022-08-20T20:00:00Z,Lotto,5,7,10,16,47,48
6767,2022-08-18T20:00:00Z,Lotto,8,10,14,25,32,41
6766,2022-08-16T20:00:00Z,Lotto,7,10,13,21,24,42
6765,2022-08-13T20:00:00Z,Lotto,6,7,9,23,27,28
6764,2022-08-11T20:00:00Z,Lotto,8,11,13,14,19,25
6763,2022-08-09T20:00:00Z,Lotto,7,9,10,19,44,47
6762,2022-08-06T20:00:00Z,Lotto,7,19,33,42,47,49
6761,2022-08-04T20:00:00Z,Lotto,10,14,15,34,36,40
6760,2022-08-02T20:00:00Z,Lotto,9,14,17,22,37,49
6759,2022-07-30T19:50:00Z,Lotto,1,12,13,33,42,48
6758,2022-07-28T19:50:00Z,Lotto,2,9,16,38,39,49
6757,2022-07-26T19:50:00Z,Lotto,10,20,24,30,34,46
6756,2022-07-23T19:50:00Z,Lotto,1,4,17,22,39,43
6755,2022-07-21T19:50:00Z,Lotto,1,21,24,34,37,39
6754,2022-07-19T19:50:00Z,Lotto,11,14,16,24,26,39
6753,2022-07-16T19:50:00Z,Lotto,5,16,19,21,26,32
6752,2022-07-14T19:50:00Z,Lotto,15,18,22,31,34,49
6751,2022-07-12T19:50:00Z,Lotto,3,9,19,28,32,38
6750,2022-07-09T19:50:00Z,Lotto,8,13,15,36,39,41
6749,2022-07-07T19:50:00Z,Lotto,7,14,21,28,32,44
6748,2022-07-05T19:50:00Z,Lotto,2,14,20,34,38,40
6747,2022-07-02T19:50:00Z,Lotto,4,10,30,33,35,46
6746,2022-06-30T19:50:00Z,Lotto,25,29,30,35,38,39
6745,2022-06-28T19:50:00Z,Lotto,3,24,29,34,36,45
6744,2022-06-25T19:50:00Z,Lotto,20,27,28,38,41,49
6743,2022-06-23T19:50:00Z,Lotto,3,4,27,30,34,46
6742,2022-06-21T19:50:00Z,Lotto,12,15,24,27,34,49
6741,2022-06-18T19:50:00Z,Lotto,10,16,18,26,30,41
6740,2022-06-16T19:50:00Z,Lotto,13,18,21,38,39,45
6739,2022-06-14T19:50:00Z,Lotto,13,14,18,21,29,45
6738,2022-06-11T19:50:00Z,Lotto,5,23,30,47,48,49
6737,2022-06-09T19:50:00Z,Lotto,7,17,18,19,29,44
6736,2022-06-07T19:50:00Z,Lotto,4,12,27,28,31,39
6735,2022-06-04T19:50:00Z,Lotto,2,13,22,24,29,48
6734,2022-06-02T19:50:00Z,Lotto,10,20,26,35,39,46
6733,2022-05-31T19:50:00Z,Lotto,8,11,13,18,35,43
6732,2022-05-28T19:50:00Z,Lotto,4,9,10,15,31,44
6731,2022-05-26T19:50:00Z,Lotto,4,7,13,20,33,49
6730,2022-05-24T19:50:00Z,Lotto,11,17,25,27,34,48
6729,2022-05-21T19:50:00Z,Lotto,12,14,15,35,37,47
6728,2022-05-19T19:50:00Z,Lotto,17,21,28,29,39,43
6727,2022-05-17T19:50:00Z,Lotto,1,4,5,14,18,39
6726,2022-05-14T19:50:00Z,Lotto,14,19,24,27,42,47
6725,2022-05-12T19:50:00Z,Lotto,12,14,21,25,45,49
6724,2022-05-10T19:50:00Z,Lotto,4,12,21,38,40,42
6723,2022-05-07T19:50:00Z,Lotto,7,15,21,22,35,49
6722,2022-05-05T19:50:00Z,Lotto,4,12,16,21,24,29
6721,2022-05-03T19:50:00Z,Lotto,9,13,14,18,31,33
6720,2022-04-30T19:50:00Z,Lotto,1,10,12,23,29,38
6719,2022-04-28T19:50:00Z,Lotto,8,9,12,20,28,44
6718,2022-04-26T19:50:00Z,Lotto,3,4,5,14,18,20
6717,2022-04-23T19:50:00Z,Lotto,4,5,17,29,32,42
6716,2022-04-21T19:50:00Z,Lotto,3,16,26,31,32,46
6715,2022-04-19T19:50:00Z,Lotto,11,22,24,28,35,45
6714,2022-04-16T19:50:00Z,Lotto,2,19,24,36,39,45
6713,2022-04-14T19:50:00Z,Lotto,2,4,33,35,38,42
6712,2022-04-12T19:50:00Z,Lotto,1,12,13,24,32,34
6711,2022-04-09T19:50:00Z,Lotto,1,10,16,26,34,47
6710,2022-04-07T19:50:00Z,Lotto,2,20,23,25,33,43
6709,2022-04-05T19:50:00Z,Lotto,6,9,24,28,43,48
6708,2022-04-02T19:50:00Z,Lotto,1,4,19,20,25,41
6707,2022-03-31T19:50:00Z,Lotto,1,5,14,17,26,47
6706,2022-03-29T19:50:00Z,Lotto,3,7,24,26,38,48
6705,2022-03-26T20:50:00Z,Lotto,2,12,30,32,40,48
6704,2022-03-24T20:50:00Z,Lotto,16,21,29,36,38,41
6703,2022-03-22T20:50:00Z,Lotto,2,3,18,22,33,34
6702,2022-03-19T20:50:00Z,Lotto,2,26,27,29,41,46
6701,2022-03-17T20:50:00Z,Lotto,2,27,34,35,45,47
6700,2022-03-15T20:50:00Z,Lotto,3,11,12,15,22,32
6699,2022-03-12T20:50:00Z,Lotto,2,25,35,39,45,48
6698,2022-03-10T20:50:00Z,Lotto,11,16,24,26,29,31
6697,2022-03-08T20:50:00Z,Lotto,2,5,24,29,35,40
6696,2022-03-05T20:50:00Z,Lotto,9,16,17,18,20,38
6695,2022-03-03T20:50:00Z,Lotto,2,3,12,17,39,47
6694,2022-03-01T20:50:00Z,Lotto,3,17,27,32,33,35
6693,2022-02-26T20:50:00Z,Lotto,9,20,21,39,44,48
6692,2022-02-24T20:50:00Z,Lotto,2,10,11,24,30,45
6691,2022-02-22T20:50:00Z,Lotto,7,8,16,27,35,46
6690,2022-02-19T20:50:00Z,Lotto,4,7,25,30,41,44
6689,2022-02-17T20:50:00Z,Lotto,7,8,11,28,41,49
6688,2022-02-15T20:50:00Z,Lotto,6,15,32,34,42,49
6687,2022-02-12T20:50:00Z,Lotto,8,14,23,30,42,44
6686,2022-02-10T20:50:00Z,Lotto,6,20,21,36,41,46
6685,2022-02-08T20:50:00Z,Lotto,15,21,27,28,29,42
6684,2022-02-05T20:50:00Z,Lotto,1,5,41,43,44,46
6683,2022-02-03T20:50:00Z,Lotto,7,12,20,25,38,48
6682,2022-02-01T20:50:00Z,Lotto,1,6,12,15,21,42
6681,2022-01-29T20:50:00Z,Lotto,13,20,26,28,39,45
6680,2022-01-27T20:50:00Z,Lotto,3,12,24,27,30,38
6679,2022-01-25T20:50:00Z,Lotto,1,6,8,35,38,49
6678,2022-01-22T20:50:00Z,Lotto,1,3,19,21,23,37
6677,2022-01-20T20:50:00Z,Lotto,9,13,14,17,25,40
6676,2022-01-18T20:50:00Z,Lotto,8,15,21,29,31,42
6675,2022-01-15T20:50:00Z,Lotto,6,20,34,37,41,48
6674,2022-01-13T20:50:00Z,Lotto,6,14,24,40,41,47
6673,2022-01-11T20:50:00Z,Lotto,7,12,15,35,42,47
6672,2022-01-08T20:50:00Z,Lotto,10,18,29,33,34,45
6671,2022-01-06T20:50:00Z,Lotto,1,5,8,36,37,38
6670,2022-01-04T20:50:00Z,Lotto,8,23,25,36,39,49
6669,2022-01-01T20:50:00Z,Lotto,3,4,11,17,19,24
6668,2021-12-30T20:50:00Z,Lotto,2,9,16,28,39,45
6667,2021-12-28T20:50:00Z,Lotto,1,8,12,22,27,45
6666,2021-12-25T20:50:00Z,Lotto,28,30,31,37,47,49
6665,2021-12-23T20:50:00Z,Lotto,12,15,21,29,30,39
6664,2021-12-21T20:50:00Z,Lotto,8,15,24,41,46,48
6663,2021-12-18T20:50:00Z,Lotto,3,17,22,25,42,43
6662,2021-12-16T20:50:00Z,Lotto,4,18,21,25,29,34
6661,2021-12-14T20:50:00Z,Lotto,25,26,27,32,44,48
6660,2021-12-11T20:50:00Z,Lotto,19,22,23,26,29,45
6659,2021-12-09T20:50:00Z,Lotto,3,7,32,41,43,46
6658,2021-12-07T20:50:00Z,Lotto,10,12,24,26,37,44
6657,2021-12-04T20:50:00Z,Lotto,15,16,37,38,39,42
6656,2021-12-02T20:50:00Z,Lotto,6,10,36,37,42,49
6655,2021-11-30T20:50:00Z,Lotto,7,9,18,19,28,35
6654,2021-11-27T20:50:00Z,Lotto,7,17,23,24,39,42
6653,2021-11-25T20:50:00Z,Lotto,4,11,22,27,37,48
6652,2021-11-23T20:50:00Z,Lotto,19,24,31,46,47,48
6651,2021-11-20T20:50:00Z,Lotto,7,9,23,27,33,39
6650,2021-11-18T20:50:00Z,Lotto,2,5,19,28,39,44
6649,2021-11-16T20:50:00Z,Lotto,11,21,22,29,39,42
6648,2021-11-13T20:50:00Z,Lotto,12,18,22,28,29,31
6647,2021-11-11T20:50:00Z,Lotto,14,15,17,27,38,41
6646,2021-11-09T20:50:00Z,Lotto,6,9,12,24,30,40
6645,2021-11-06T20:50:00Z,Lotto,1,13,19,22,24,41
6644,2021-11-04T20:50:00Z,Lotto,1,5,7,11,13,40
6643,2021-11-02T20:50:00Z,Lotto,6,8,10,40,41,46
6642,2021-10-30T19:50:00Z,Lotto,1,10,11,13,18,45
6641,2021-10-28T19:50:00Z,Lotto,6,11,18,21,37,41
6640,2021-10-26T19:50:00Z,Lotto,4,5,22,29,35,48
6639,2021-10-23T19:50:00Z,Lotto,1,13,31,38,43,49
6638,2021-10-21T19:50:00Z,Lotto,17,23,26,28,41,48
6637,2021-10-19T19:50:00Z,Lotto,10,15,18,26,32,40
6636,2021-10-16T19:50:00Z,Lotto,4,5,8,18,40,45
6635,2021-10-14T19:50:00Z,Lotto,1,6,11,13,22,46
6634,2021-10-12T19:50:00Z,Lotto,18,21,25,33,38,48
6633,2021-10-09T19:50:00Z,Lotto,7,8,12,18,37,43
6632,2021-10-07T19:50:00Z,Lotto,1,16,24,37,44,46
6631,2021-10-05T19:50:00Z,Lotto,7,13,21,25,32,33
6630,2021-10-02T19:50:00Z,Lotto,1,7,21,23,32,42
6629,2021-09-30T19:50:00Z,Lotto,1,3,28,34,43,45
6628,2021-09-28T19:50:00Z,Lotto,17,18,22,31,42,46
6627,2021-09-25T19:50:00Z,Lotto,4,15,19,24,41,48
6626,2021-09-23T19:50:00Z,Lotto,1,14,24,31,42,47
6625,2021-09-21T19:50:00Z,Lotto,7,10,18,19,35,39
6624,2021-09-18T19:50:00Z,Lotto,13,14,33,38,43,45
6623,2021-09-16T19:50:00Z,Lotto,2,3,6,7,43,44
6622,2021-09-14T19:50:00Z,Lotto,6,15,16,23,35,46
6621,2021-09-11T19:50:00Z,Lotto,2,30,33,41,45,46
6620,2021-09-09T19:50:00Z,Lotto,3,15,21,23,28,46
6619,2021-09-07T19:50:00Z,Lotto,1,4,10,19,20,42
6618,2021-09-04T19:50:00Z,Lotto,28,29,30,34,35,38
6617,2021-09-02T19:50:00Z,Lotto,4,9,17,22,30,36
6616,2021-08-31T19:50:00Z,Lotto,12,17,26,31,41,43
6615,2021-08-28T19:50:00Z,Lotto,3,6,10,15,23,29
6614,2021-08-26T19:50:00Z,Lotto,5,6,8,10,13,16
6613,2021-08-24T19:50:00Z,Lotto,4,9,25,30,39,47
6612,2021-08-21T19:50:00Z,Lotto,4,12,15,20,22,33
6611,2021-08-19T19:50:00Z,Lotto,6,8,12,22,32,36
6610,2021-08-17T19:50:00Z,Lotto,4,5,23,27,32,36
6609,2021-08-14T19:50:00Z,Lotto,10,19,28,33,34,37
6608,2021-08-12T19:50:00Z,Lotto,8,18,19,20,35,39
6607,2021-08-10T19:50:00Z,Lotto,7,14,26,31,32,43
6606,2021-08-07T19:50:00Z,Lotto,12,20,21,23,33,39
6605,2021-08-05T19:50:00Z,Lotto,13,21,28,29,34,35
6604,2021-08-03T19:50:00Z,Lotto,1,8,10,22,23,28
6603,2021-07-31T19:50:00Z,Lotto,12,13,22,31,34,44
6602,2021-07-29T19:50:00Z,Lotto,7,12,35,39,42,46
6601,2021-07-27T19:50:00Z,Lotto,6,16,26,36,38,46
6600,2021-07-24T19:50:00Z,Lotto,10,23,26,29,32,39
6599,2021-07-22T19:50:00Z,Lotto,14,17,19,23,28,44
6598,2021-07-20T19:50:00Z,Lotto,3,7,11,16,34,47
6597,2021-07-17T19:50:00Z,Lotto,2,8,13,21,22,30
6596,2021-07-15T19:50:00Z,Lotto,5,12,19,24,33,45
6595,2021-07-13T19:50:00Z,Lotto,1,8,11,26,37,47
6594,2021-07-10T19:50:00Z,Lotto,1,4,16,31,36,45
6593,2021-07-08T19:50:00Z,Lotto,4,8,18,24,29,47
6592,2021-07-06T19:50:00Z,Lotto,2,3,32,33,42,44
6591,2021-07-03T19:50:00Z,Lotto,17,29,33,40,43,49
6590,2021-07-01T19:50:00Z,Lotto,3,10,19,33,38,44
6589,2021-06-29T19:50:00Z,Lotto,1,16,25,34,36,39
6588,2021-06-26T19:50:00Z,Lotto,2,14,30,34,44,49
6587,2021-06-24T19:50:00Z,Lotto,14,19,29,35,39,47
6586,2021-06-22T19:50:00Z,Lotto,9,10,14,23,25,44
6585,2021-06-19T19:50:00Z,Lotto,3,13,31,34,43,47
6584,2021-06-17T19:50:00Z,Lotto,17,19,20,24,46,48
6583,2021-06-15T19:50:00Z,Lotto,1,2,24,30,46,49
6582,2021-06-12T19:50:00Z,Lotto,1,16,19,21,22,37
6581,2021-06-10T19:50:00Z,Lotto,3,4,14,31,41,46
6580,2021-06-08T19:50:00Z,Lotto,3,19,20,27,29,40
6579,2021-06-05T19:50:00Z,Lotto,1,2,3,22,24,43
6578,2021-06-03T19:50:00Z,Lotto,1,2,15,36,41,49
6577,2021-06-01T19:50:00Z,Lotto,16,28,38,39,44,45
6576,2021-05-29T19:50:00Z,Lotto,3,14,15,22,41,46
6575,2021-05-27T19:50:00Z,Lotto,5,17,31,41,42,47
6574,2021-05-25T19:50:00Z,Lotto,11,19,24,29,39,49
6573,2021-05-22T19:50:00Z,Lotto,3,8,21,23,35,38
6572,2021-05-20T19:50:00Z,Lotto,30,35,43,45,46,48
6571,2021-05-18T19:50:00Z,Lotto,3,23,34,41,45,49
6570,2021-05-15T19:50:00Z,Lotto,5,13,15,26,37,42
6569,2021-05-13T19:50:00Z,Lotto,2,3,6,13,15,17
6568,2021-05-11T19:50:00Z,Lotto,19,22,29,31,34,42
6567,2021-05-08T19:50:00Z,Lotto,8,10,13,36,44,47
6566,2021-05-06T19:50:00Z,Lotto,3,16,24,42,46,49
6565,2021-05-04T19:50:00Z,Lotto,10,11,24,27,31,37
6564,2021-05-01T19:50:00Z,Lotto,3,11,15,22,43,44
6563,2021-04-29T19:50:00Z,Lotto,5,31,42,43,44,49
6562,2021-04-27T19:50:00Z,Lotto,2,5,27,36,43,48
6561,2021-04-24T19:50:00Z,Lotto,21,23,38,39,41,47
6560,2021-04-22T19:50:00Z,Lotto,1,10,11,26,30,44
6559,2021-04-20T19:50:00Z,Lotto,1,5,10,12,33,45
6558,2021-04-17T19:50:00Z,Lotto,4,14,16,29,36,41
6557,2021-04-15T19:50:00Z,Lotto,5,14,22,42,45,49
6556,2021-04-13T19:50:00Z,Lotto,5,12,25,29,30,38
6555,2021-04-10T19:50:00Z,Lotto,29,32,34,38,41,44
6554,2021-04-08T19:50:00Z,Lotto,31,33,36,41,42,45
6553,2021-04-06T19:50:00Z,Lotto,8,17,24,26,28,29
6552,2021-04-03T19:50:00Z,Lotto,8,9,30,31,45,47
6551,2021-04-01T19:50:00Z,Lotto,7,27,30,32,36,44
6550,2021-03-30T19:50:00Z,Lotto,6,9,10,11,36,38
6549,2021-03-27T20:50:00Z,Lotto,2,25,31,34,38,46
6548,2021-03-25T20:50:00Z,Lotto,5,19,34,43,44,46
6547,2021-03-23T20:50:00Z,Lotto,7,11,12,16,19,48
6546,2021-03-20T20:50:00Z,Lotto,2,3,5,9,31,48
6545,2021-03-18T20:50:00Z,Lotto,1,5,18,24,43,47
6544,2021-03-16T20:50:00Z,Lotto,3,4,24,27,28,48
6543,2021-03-13T20:50:00Z,Lotto,8,14,17,42,43,47
6542,2021-03-11T20:50:00Z,Lotto,2,5,17,18,33,40
6541,2021-03-09T20:50:00Z,Lotto,15,20,32,37,43,48
6540,2021-03-06T20:50:00Z,Lotto,6,10,15,16,17,27
6539,2021-03-04T20:50:00Z,Lotto,22,25,30,34,37,43
6538,2021-03-02T20:50:00Z,Lotto,17,18,37,43,45,46
6537,2021-02-27T20:50:00Z,Lotto,1,22,37,40,42,48
6536,2021-02-25T20:50:00Z,Lotto,3,7,14,18,40,46
6535,2021-02-23T20:50:00Z,Lotto,4,11,15,20,22,27
6534,2021-02-20T20:50:00Z,Lotto,3,20,25,27,33,46
6533,2021-02-18T20:50:00Z,Lotto,2,18,19,22,25,35
6532,2021-02-16T20:50:00Z,Lotto,3,13,16,18,34,41
6531,2021-02-13T20:50:00Z,Lotto,2,8,16,30,36,46
6530,2021-02-11T20:50:00Z,Lotto,6,8,14,18,31,44
6529,2021-02-09T20:50:00Z,Lotto,17,23,26,42,46,49
6528,2021-02-06T20:50:00Z,Lotto,7,11,29,31,33,41
6527,2021-02-04T20:50:00Z,Lotto,23,29,31,37,41,49
6526,2021-02-02T20:50:00Z,Lotto,9,20,38,39,42,45
6525,2021-01-30T20:50:00Z,Lotto,1,18,36,39,47,48
6524,2021-01-28T20:50:00Z,Lotto,14,22,23,41,48,49
6523,2021-01-26T20:50:00Z,Lotto,13,17,20,25,41,47
6522,2021-01-23T20:50:00Z,Lotto,13,17,35,39,43,48
6521,2021-01-21T20:50:00Z,Lotto,12,18,25,27,28,48
6520,2021-01-19T20:50:00Z,Lotto,2,6,22,38,41,43
6519,2021-01-16T20:50:00Z,Lotto,11,25,32,37,46,48
6518,2021-01-14T20:50:00Z,Lotto,2,4,9,10,27,31
6517,2021-01-12T20:50:00Z,Lotto,5,10,32,35,37,38
6516,2021-01-09T20:50:00Z,Lotto,9,14,24,25,36,41
6515,2021-01-07T20:50:00Z,Lotto,9,12,28,32,38,41
6514,2021-01-05T20:50:00Z,Lotto,9,15,33,35,47,48
6513,2021-01-02T20:50:00Z,Lotto,8,16,17,21,26,27
6512,2020-12-31T20:50:00Z,Lotto,1,21,25,27,39,42
6511,2020-12-29T20:50:00Z,Lotto,1,17,23,37,45,48
6510,2020-12-26T20:50:00Z,Lotto,16,19,24,25,31,47
6509,2020-12-24T20:50:00Z,Lotto,19,22,24,26,27,40
6508,2020-12-22T20:50:00Z,Lotto,4,14,24,25,26,41
6507,2020-12-19T20:50:00Z,Lotto,13,20,29,33,40,46
6506,2020-12-17T20:50:00Z,Lotto,6,7,33,37,45,47
6505,2020-12-15T20:50:00Z,Lotto,12,13,19,25,40,49
6504,2020-12-12T20:50:00Z,Lotto,5,8,20,31,33,43
6503,2020-12-10T20:50:00Z,Lotto,3,6,15,20,22,38
6502,2020-12-08T20:50:00Z,Lotto,5,20,24,29,31,39
6501,2020-12-05T20:50:00Z,Lotto,2,16,19,23,24,33
6500,2020-12-03T20:50:00Z,Lotto,18,19,28,43,44,46
6499,2020-12-01T20:50:00Z,Lotto,6,24,30,38,39,46
6498,2020-11-28T20:50:00Z,Lotto,2,5,18,27,40,42
6497,2020-11-26T20:50:00Z,Lotto,3,13,28,32,38,43
6496,2020-11-24T20:50:00Z,Lotto,2,7,8,12,32,39
6495,2020-11-21T20:50:00Z,Lotto,2,10,15,28,39,40
6494,2020-11-19T20:50:00Z,Lotto,5,8,16,17,32,37
6493,2020-11-17T20:50:00Z,Lotto,1,2,8,33,46,47
6492,2020-11-14T20:50:00Z,Lotto,1,12,20,27,44,48
6491,2020-11-12T20:50:00Z,Lotto,3,5,8,15,22,28
6490,2020-11-10T20:50:00Z,Lotto,10,19,23,25,33,46
6489,2020-11-07T20:50:00Z,Lotto,9,10,19,25,27,28
6488,2020-11-05T20:50:00Z,Lotto,7,14,21,26,47,49
6487,2020-11-03T20:50:00Z,Lotto,3,6,10,25,33,45
6486,2020-10-31T20:50:00Z,Lotto,10,14,17,27,38,44
6485,2020-10-29T20:50:00Z,Lotto,4,14,22,23,28,30
6484,2020-10-27T20:50:00Z,Lotto,3,5,9,14,30,31
6483,2020-10-24T19:50:00Z,Lotto,27,35,36,37,39,43
6482,2020-10-22T19:50:00Z,Lotto,4,20,26,31,33,36
6481,2020-10-20T19:50:00Z,Lotto,4,27,29,35,41,49
6480,2020-10-17T19:50:00Z,Lotto,19,25,26,28,37,46
6479,2020-10-15T19:50:00Z,Lotto,1,2,13,19,25,36
6478,2020-10-13T19:50:00Z,Lotto,3,8,16,26,32,33
6477,2020-10-10T19:50:00Z,Lotto,4,16,18,26,31,42
6476,2020-10-08T19:50:00Z,Lotto,1,16,18,21,27,42
6475,2020-10-06T19:50:00Z,Lotto,5,15,20,25,27,47
6474,2020-10-03T19:50:00Z,Lotto,15,28,35,41,44,47
6473,2020-10-01T19:50:00Z,Lotto,16,18,24,25,35,49
6472,2020-09-29T19:50:00Z,Lotto,16,20,21,30,39,40
6471,2020-09-26T19:50:00Z,Lotto,2,10,14,16,32,41
6470,2020-09-24T19:50:00Z,Lotto,12,14,21,23,28,40
6469,2020-09-22T19:50:00Z,Lotto,16,20,27,30,38,47
6468,2020-09-19T19:50:00Z,Lotto,13,21,23,26,43,47
6467,2020-09-17T19:50:00Z,Lotto,14,18,19,30,31,33
6466,2020-09-15T19:50:00Z,Lotto,8,12,21,23,40,48
6465,2020-09-12T19:50:00Z,Lotto,17,24,25,32,33,41
6464,2020-09-10T19:50:00Z,Lotto,11,14,16,23,40,46
6463,2020-09-08T19:50:00Z,Lotto,23,28,29,31,33,42
6462,2020-09-05T19:50:00Z,Lotto,5,14,21,27,31,39
6461,2020-09-03T19:50:00Z,Lotto,11,21,27,28,31,39
6460,2020-09-01T19:50:00Z,Lotto,9,18,19,39,47,49
6459,2020-08-29T19:50:00Z,Lotto,12,20,23,25,26,32
6458,2020-08-27T19:50:00Z,Lotto,3,6,23,25,35,36
6457,2020-08-25T19:50:00Z,Lotto,11,14,21,39,41,43
6456,2020-08-22T19:50:00Z,Lotto,18,22,26,30,31,43
6455,2020-08-20T19:50:00Z,Lotto,2,5,8,16,37,38
6454,2020-08-18T19:50:00Z,Lotto,3,10,16,33,38,48
6453,2020-08-15T19:50:00Z,Lotto,9,17,21,24,27,34
6452,2020-08-13T19:50:00Z,Lotto,11,12,14,26,38,48
6451,2020-08-11T19:50:00Z,Lotto,3,12,17,19,25,41
6450,2020-08-08T19:50:00Z,Lotto,2,4,22,26,31,35
6449,2020-08-06T19:50:00Z,Lotto,1,5,7,25,28,32
6448,2020-08-04T19:50:00Z,Lotto,1,7,11,17,22,38
6447,2020-08-01T19:50:00Z,Lotto,8,29,30,39,44,48
6446,2020-07-30T19:50:00Z,Lotto,3,4,8,40,43,46
6445,2020-07-28T19:50:00Z,Lotto,1,11,16,25,28,43
6444,2020-07-25T19:50:00Z,Lotto,9,12,17,24,45,48
6443,2020-07-23T19:50:00Z,Lotto,5,6,7,10,36,46
6442,2020-07-21T19:50:00Z,Lotto,8,10,23,24,25,49
6440,2020-07-16T19:50:00Z,Lotto,5,9,27,33,39,44
6439,2020-07-14T19:50:00Z,Lotto,1,7,17,26,28,46
6438,2020-07-11T19:50:00Z,Lotto,6,13,31,34,36,40
6437,2020-07-09T19:50:00Z,Lotto,1,9,12,20,32,45
6436,2020-07-07T19:50:00Z,Lotto,4,12,18,22,27,28
6435,2020-07-04T19:50:00Z,Lotto,3,10,17,22,37,40
6434,2020-07-02T19:50:00Z,Lotto,1,3,4,12,19,40
6433,2020-06-30T19:50:00Z,Lotto,3,13,19,35,40,43
6432,2020-06-27T19:50:00Z,Lotto,8,30,32,37,41,43
6431,2020-06-25T19:50:00Z,Lotto,35,41,42,43,48,49
6430,2020-06-23T19:50:00Z,Lotto,1,9,25,41,42,48
6429,2020-06-20T19:50:00Z,Lotto,3,14,37,41,45,49
6428,2020-06-18T19:50:00Z,Lotto,7,9,10,15,30,46
6427,2020-06-16T19:40:00Z,Lotto,4,11,17,23,30,36
6426,2020-06-13T19:40:00Z,Lotto,4,16,25,27,31,46
6425,2020-06-11T19:40:00Z,Lotto,6,8,9,23,44,49
6424,2020-06-09T19:40:00Z,Lotto,7,15,23,38,47,49
6423,2020-06-06T19:40:00Z,Lotto,4,17,25,30,43,47
6422,2020-06-04T19:40:00Z,Lotto,2,4,17,19,31,37
6421,2020-06-02T19:40:00Z,Lotto,11,19,39,47,48,49
6420,2020-05-30T19:40:00Z,Lotto,12,15,16,38,39,43
6419,2020-05-28T19:40:00Z,Lotto,4,12,16,26,34,35
6418,2020-05-26T19:40:00Z,Lotto,9,14,20,21,24,27
6417,2020-05-23T19:40:00Z,Lotto,10,15,16,19,27,38
6416,2020-05-21T19:40:00Z,Lotto,3,4,28,37,38,43
6415,2020-05-19T19:40:00Z,Lotto,12,15,19,30,45,47
6414,2020-05-16T19:40:00Z,Lotto,1,9,17,30,31,38
6413,2020-05-14T19:40:00Z,Lotto,6,23,37,41,43,46
6412,2020-05-12T19:40:00Z,Lotto,1,18,27,34,38,46
6411,2020-05-09T19:40:00Z,Lotto,8,28,32,36,37,40
6410,2020-05-07T19:40:00Z,Lotto,1,3,7,17,29,35
6409,2020-05-05T19:40:00Z,Lotto,21,28,29,39,45,49
6408,2020-05-02T19:40:00Z,Lotto,11,16,25,38,42,44
6407,2020-04-30T19:40:00Z,Lotto,10,17,23,26,30,32
6406,2020-04-28T19:40:00Z,Lotto,9,13,23,24,38,44
6405,2020-04-25T19:40:00Z,Lotto,3,13,19,25,40,42
6404,2020-04-23T19:40:00Z,Lotto,1,3,20,39,47,49
6403,2020-04-21T19:40:00Z,Lotto,1,10,11,16,20,21
6402,2020-04-18T19:40:00Z,Lotto,1,22,32,33,38,44
6401,2020-04-16T19:40:00Z,Lotto,2,6,7,23,36,49
6400,2020-04-14T19:40:00Z,Lotto,8,9,15,21,33,43
6399,2020-04-11T19:40:00Z,Lotto,14,19,27,37,41,45
6398,2020-04-09T19:40:00Z,Lotto,3,13,14,26,37,38
6397,2020-04-07T19:40:00Z,Lotto,15,21,26,33,38,43
6396,2020-04-04T19:40:00Z,Lotto,6,8,10,30,33,48
6395,2020-04-02T19:40:00Z,Lotto,1,11,16,22,27,30
6394,2020-03-31T19:40:00Z,Lotto,6,11,17,22,42,49
6393,2020-03-28T20:40:00Z,Lotto,7,21,23,29,33,38
6392,2020-03-26T20:40:00Z,Lotto,2,5,18,19,23,45
6391,2020-03-24T20:40:00Z,Lotto,8,13,14,20,26,40
6390,2020-03-21T20:40:00Z,Lotto,6,13,15,24,28,49
6389,2020-03-19T20:40:00Z,Lotto,1,19,20,24,25,41
6388,2020-03-17T20:40:00Z,Lotto,5,10,17,19,37,47
6387,2020-03-14T20:40:00Z,Lotto,1,11,19,26,34,36
6386,2020-03-12T20:40:00Z,Lotto,1,13,22,32,42,46
6385,2020-03-10T20:40:00Z,Lotto,6,25,32,35,41,44
6384,2020-03-07T20:40:00Z,Lotto,7,27,43,46,47,49
6383,2020-03-05T20:40:00Z,Lotto,4,7,21,34,47,49
6382,2020-03-03T20:40:00Z,Lotto,13,16,17,38,45,46
6381,2020-02-29T20:40:00Z,Lotto,6,12,15,38,39,40
6380,2020-02-27T20:40:00Z,Lotto,1,18,20,24,46,47
6379,2020-02-25T20:40:00Z,Lotto,5,6,16,19,27,49
6378,2020-02-22T20:40:00Z,Lotto,4,6,15,35,43,44
6377,2020-02-20T20:40:00Z,Lotto,2,8,21,30,39,46
6376,2020-02-18T20:40:00Z,Lotto,2,10,19,22,31,38
6375,2020-02-15T20:40:00Z,Lotto,7,10,25,27,35,40
6374,2020-02-13T20:40:00Z,Lotto,2,14,16,22,26,40
6373,2020-02-11T20:40:00Z,Lotto,5,17,23,36,47,49
6372,2020-02-08T20:40:00Z,Lotto,7,16,25,29,46,48
6371,2020-02-06T20:40:00Z,Lotto,6,12,15,27,41,42
6370,2020-02-04T20:40:00Z,Lotto,6,19,20,25,41,43
6369,2020-02-01T20:40:00Z,Lotto,10,11,15,16,24,25
6368,2020-01-30T20:40:00Z,Lotto,4,14,28,40,45,49
6367,2020-01-28T20:40:00Z,Lotto,10,12,20,32,35,37
6366,2020-01-25T20:40:00Z,Lotto,9,11,16,19,30,46
6365,2020-01-23T20:40:00Z,Lotto,22,23,33,40,41,46
6364,2020-01-21T20:40:00Z,Lotto,11,16,19,22,23,39
6363,2020-01-18T20:40:00Z,Lotto,9,15,30,32,38,42
6362,2020-01-16T20:40:00Z,Lotto,1,20,29,43,44,45
6361,2020-01-14T20:40:00Z,Lotto,18,21,36,37,43,44
6360,2020-01-11T20:40:00Z,Lotto,10,33,35,38,39,48
6359,2020-01-09T20:40:00Z,Lotto,7,15,21,23,33,49
6358,2020-01-07T20:40:00Z,Lotto,10,17,19,25,37,38
6357,2020-01-04T20:40:00Z,Lotto,10,15,16,22,26,39
6356,2020-01-02T20:40:00Z,Lotto,7,12,14,15,30,38
6355,2019-12-31T20:40:00Z,Lotto,10,21,24,35,40,48
6354,2019-12-28T20:40:00Z,Lotto,8,19,26,29,31,43
6353,2019-12-26T20:40:00Z,Lotto,1,18,34,45,47,49
6352,2019-12-24T20:40:00Z,Lotto,2,7,13,22,28,40
6351,2019-12-21T20:40:00Z,Lotto,6,14,22,30,46,47
6350,2019-12-19T20:40:00Z,Lotto,5,6,15,28,32,46
6349,2019-12-17T20:40:00Z,Lotto,6,11,14,22,35,37
6348,2019-12-14T20:40:00Z,Lotto,15,19,27,42,45,48
6347,2019-12-12T20:40:00Z,Lotto,22,24,27,38,41,49
6346,2019-12-10T20:40:00Z,Lotto,23,25,28,35,37,48
6345,2019-12-07T20:40:00Z,Lotto,3,29,36,37,46,48
6344,2019-12-05T20:40:00Z,Lotto,7,10,12,13,25,26
6343,2019-12-03T20:40:00Z,Lotto,10,12,13,16,45,46
6342,2019-11-30T20:40:00Z,Lotto,4,11,14,25,28,41
6341,2019-11-28T20:40:00Z,Lotto,1,6,9,13,23,29
6340,2019-11-26T20:40:00Z,Lotto,3,7,29,32,34,38
6339,2019-11-23T20:40:00Z,Lotto,3,8,18,39,43,49
6338,2019-11-21T20:40:00Z,Lotto,2,10,27,34,35,49
6337,2019-11-19T20:40:00Z,Lotto,14,15,16,21,40,49
6336,2019-11-16T20:40:00Z,Lotto,5,16,20,24,27,41
6335,2019-11-14T20:40:00Z,Lotto,4,9,20,22,35,45
6334,2019-11-12T20:40:00Z,Lotto,9,20,34,40,42,43
6333,2019-11-09T20:40:00Z,Lotto,3,23,31,34,36,39
6332,2019-11-07T20:40:00Z,Lotto,7,11,16,34,38,45
6331,2019-11-05T20:40:00Z,Lotto,9,31,33,42,44,49
6330,2019-11-02T20:40:00Z,Lotto,2,16,19,28,40,48
6329,2019-10-31T20:40:00Z,Lotto,12,22,23,36,38,48
6328,2019-10-29T20:40:00Z,Lotto,6,7,15,27,43,44
6327,2019-10-26T19:40:00Z,Lotto,24,26,37,41,42,47
6326,2019-10-24T19:40:00Z,Lotto,8,17,23,26,32,34
6325,2019-10-22T19:40:00Z,Lotto,7,28,34,40,45,47
6324,2019-10-19T19:40:00Z,Lotto,1,3,11,12,35,49
6323,2019-10-17T19:40:00Z,Lotto,2,3,4,11,17,18
6322,2019-10-15T19:40:00Z,Lotto,6,14,15,20,33,37
6321,2019-10-12T19:40:00Z,Lotto,4,9,15,25,26,33
6320,2019-10-10T19:40:00Z,Lotto,2,5,6,9,10,36
6319,2019-10-08T19:40:00Z,Lotto,10,11,23,27,40,41
